ID,Code,Designation,Categorie,Prix_Achat,Prix_Vente,Stock_Initial,Seuil_Min
1,MOT0001,DELCO 4A,MOTEURS,22000.0,,0,5
2,EMB0002,PLATEAU 6BD1,EMBRAYAGE,,,0,5
3,AUT0003,ACCORDÉON,AUTRES,3000.0,,0,5
4,FIL0004,FILTRE A AIR DAF 2800,FILTRES,17000.0,,0,5
5,ROU0005,FER DE ROULEMENT CENTRAL KIA MADEMOISEL,ROULEMENTS,,,0,5
6,MOT0006,PATTE DE MOTEUR FUSO,MOTEURS,,,0,5
7,PIE0007,HABILLAGE DE FAUTEUILLE VIP,PIECES CARROSSERIE,40000.0,,0,5
8,AUT0008,ALARM,AUTRES,,,0,5
9,ACC0009,ALARME,ACCESSOIRES,,,0,5
10,CAB0010,CABLE D'ACCELERATEUR FUSO,CABLES,3000.0,,0,5
11,RET0011,JEUX DE RETROVISEUR L200 2023,RETROVISEURS,,,0,5
12,MOT0012,PATTE DE MOTEUR 5T,MOTEURS,,,0,5
13,AUT0013,AMBOUR MASSA,AUTRES,,,0,5
14,AUT0014,AMBOUR MTN 2011,AUTRES,8000.0,,0,5
15,AUT0015,AMBOUR MTN 2016,AUTRES,8000.0,,0,5
16,PHA0016,AMBOUR PHARE 8 COMPLET,PHARES & FEUX,8000.0,,0,5
17,AUT0017,AMBOUT CARENA 3,AUTRES,5000.0,,0,5
18,CAB0018,CABLE D'ACCELERATEUR 5T,CABLES,3000.0,,0,5
19,JOI0019,JOINT SPIRE DE POLI CANTER 6D31,JOINTS,,,0,5
20,PHA0020,JEUX DE FEU ARR L200 2023,PHARES & FEUX,,,0,5
21,AMO0021,AMORTISSEMENT AVANT CARENA,AMORTISSEURS,,,0,5
22,RES0022,RESSORT COMPLET ARRIERE 5T FUSO KIABA,RESSORTS,40000.0,,0,5
23,POM0023,POMPE A MAIN NISSAN,POMPES,,,0,5
24,AMO0024,AMORTISSEUR ARRIERE 190,AMORTISSEURS,4000.0,,0,5
25,BIE0025,JEUX DE BIELLETTE L200 COTER BOITE,BIELLETTES,9000.0,,0,5
26,AUT0026,COUSINE DE PALIER 4D32 STD,AUTRES,6000.0,,0,5
27,TRA0027,MAYAU DID PAJERO,TRANSMISSION,10000.0,,0,5
28,ACC0028,KLAXON 2 BOUCHE 12V 7000,ACCESSOIRES,,,0,5
29,AMO0029,AMORTISSEUR ARRIERE E100,AMORTISSEURS,6000.0,,0,5
30,AMO0030,JEU AMORTISSEUR ARRIERE KIA,AMORTISSEURS,4000.0,,0,5
31,CYL0031,CYLINDRE DE ROUE AV KIA,CYLINDRES,,,0,5
32,AMO0032,AMORTISSEUR ARRIERE MERCEDES 190,AMORTISSEURS,,,0,5
33,AMO0033,JEUAMORTISSEUR ARRIERE MTN,AMORTISSEURS,6000.0,,0,5
34,CYL0034,CYLINDRE D'EMBREAGE EN HAUT 5T NOUVEAU MODEL,CYLINDRES,13000.0,,0,5
35,AMO0035,AMORTISSEUR ARRIERE RAV 4_2008,AMORTISSEURS,,,0,5
36,AMO0036,AMORTISSEUR ARRIERE RAV 4_96,AMORTISSEURS,,,0,5
37,AMO0037,AMORTISSEUR ARRIERE RAV4 ANNEE 1999 /2005 DROITE,AMORTISSEURS,10000.0,,0,5
38,AMO0038,AMORTISSEUR ARRIERE RAV4 ANNEE 1999 /2005 GAUCHE,AMORTISSEURS,10000.0,,0,5
39,AMO0039,AMORTISSEUR ARRIERE RAV4 ANNEE 2005/2015 DROITE,AMORTISSEURS,10000.0,,0,5
40,AMO0040,AMORTISSEUR ARRIERE RAV4 ANNEE 2005/2015 GAUCHE,AMORTISSEURS,10000.0,,0,5
41,CYL0041,CYLINDRE D'EMBREAGE EN HAUT 4D35,CYLINDRES,10000.0,,0,5
42,AUT0042,PETER EN FER,AUTRES,20000.0,,0,5
43,CYL0043,CYLINDRE D'EMBREAGE EN HAUT WARA,CYLINDRES,10000.0,,0,5
44,AMO0044,AMORTISSEUR AVANT BMW,AMORTISSEURS,5000.0,,0,5
45,AMO0045,JEU AMORTISSEUR AVANT DID,AMORTISSEURS,7000.0,,0,5
46,FIL0046,FILTRE A HUILE KIA,FILTRES,,,0,5
47,AMO0047,AMORTISSEUR AVANT E100,AMORTISSEURS,6000.0,,0,5
48,AMO0048,AMORTISSEUR AVANT KIA,AMORTISSEURS,6000.0,,0,5
49,FIL0049,FILTRE A HUILE 2C COURT,FILTRES,,,0,5
50,CYL0050,CYLINDRE D'EMBREAGE EN HAUT CANTER FUSO,CYLINDRES,10000.0,,0,5
51,AMO0051,AMORTISSEUR AVANT MERCEDES 190,AMORTISSEURS,,,0,5
52,BAG0052,DABAGUEHOU POTO,BAGUES,35000.0,,0,5
53,AMO0053,AMORTISSEUR AVANT PHARE 8,AMORTISSEURS,10000.0,,0,5
54,AMO0054,AMORTISSEUR AVANT RAV 4 COTE GAUCHE,AMORTISSEURS,1000.0,,0,5
55,AMO0055,AMORTISSEUR AVANT RAV 4_2008,AMORTISSEURS,,,0,5
56,AMO0056,AMORTISSEUR AVANT RAV 4_96,AMORTISSEURS,,,0,5
57,AMO0057,AMORTISSEUR AVANT RAV4 COTE DROIT ANNEE 1999,AMORTISSEURS,1000.0,,0,5
58,BAG0058,DABAGUEHOU 4*4 UNIVERSEL DEVANT,BAGUES,35000.0,,0,5
59,AMO0059,AMORTISSEUR AVANT RAV4 COTE DROIT ANNEE 2010,AMORTISSEURS,10000.0,,0,5
60,AMO0060,AMORTISSEUR AVANT RAV4 COTE GAUCHE ANNEE 1999,AMORTISSEURS,10000.0,,0,5
61,AMO0061,AMORTISSEUR AVANT RAV4 COTE GAUCHE ANNEE 2002,AMORTISSEURS,10000.0,,0,5
62,PHA0062,JEUX DE FEU ARR TOYOTA PRADO 2023,PHARES & FEUX,,,0,5
63,CYL0063,CYLINDRE D'EMBREAGE EN HAUT XF RENAULT,CYLINDRES,13000.0,,0,5
64,AMO0064,AMORTISSEUR DE DIRECTION 190,AMORTISSEURS,6000.0,,0,5
65,CYL0065,CYLINDRE D'EMBREAGE EN HAUT VAPEUR,CYLINDRES,10000.0,,0,5
66,AUT0066,ECROU DE FUSER,AUTRES,2500.0,,0,5
67,FRE0067,JEUX DE FERADO ARR CANTER,FREINS,15000.0,,0,5
68,TRA0068,TROMPETTE COMPLET SANS NEZ DE POND,TRANSMISSION,,,0,5
69,AMO0069,AMORTISSEUR OBAMA ARRIERE,AMORTISSEURS,10000.0,,0,5
70,AMO0070,AMORTISSEUR SCOSS ARRIERE L200 DID,AMORTISSEURS,6000.0,,0,5
71,AMO0071,AMORTISSEUR SCOSS AVANT L200 DID,AMORTISSEURS,6000.0,,0,5
72,BAG0072,DABAGUEHOU AVANT 2016,BAGUES,30000.0,,0,5
73,AMO0073,AMORTISSEUR TOYOTA ARRIERE E100,AMORTISSEURS,,,0,5
74,AMO0074,AMORTISSEUR TOYOTA AVANT E100,AMORTISSEURS,,,0,5
75,AUT0075,SNOBLOCK DE COMMENTATEUR KIA,AUTRES,,,0,5
76,AMO0076,JEUX AMORTISSEUR TUKSON,AMORTISSEURS,18000.0,,0,5
77,AUT0077,AMOTRTISSEUR ARRIERE CARENA 3,AUTRES,,,0,5
78,AMP0078,AMPOULE 1 PLOT 12V,AMPOULES,,,0,5
79,AMP0079,AMPOULE 1 PLOT 24V,AMPOULES,60.0,,0,5
80,EMB0080,DISQUE EMBREAGE FUSO 8T EN PATIN,EMBRAYAGE,,,0,5
81,MOT0081,MOTEUR COMPLET RAV4 2002,MOTEURS,600000.0,,0,5
82,AMP0082,AMPOULE 2 PLOT 12 VOLT,AMPOULES,60.0,,0,5
83,AMP0083,AMPOULE 2 PLOT 12V,AMPOULES,,,0,5
84,AMP0084,AMPOULE 2 PLOT 24 VOLT,AMPOULES,,,0,5
85,AUT0085,JEU DE CALANE CANTER,AUTRES,50000.0,,0,5
86,EMB0086,EMBREAGE EN HAUT FUSO,EMBRAYAGE,,,0,5
87,AMP0087,AMPOULE CUIT PLAT 12 VOLT,AMPOULES,,,0,5
88,AMP0088,AMPOULE CUIT PLAT 24 VOLT,AMPOULES,50.0,,0,5
89,EMB0089,EMBREAGE EN HAUT 5T ENCIEN MODEL,EMBRAYAGE,,,0,5
90,AMP0090,AMPOULE DE GABARIE 12 VOLT,AMPOULES,,,0,5
91,AMP0091,AMPOULE DE GABARIE 24 VOLT,AMPOULES,,,0,5
92,FIL0092,FILTRE A HUILE FUSO 6D14 EN CARTON,FILTRES,3000.0,,0,5
93,AMP0093,AMPOULE DE GRAISSAGE,AMPOULES,,,0,5
94,AMP0094,AMPOULE DE GRAISSAGE 12 VOLT,AMPOULES,,,0,5
95,AMP0095,AMPOULE DE GRAISSAGE 24 VOLT PETIT,AMPOULES,,,0,5
96,AMP0096,AMPOULE DE GRAISSAGE 24 VOLT GROS,AMPOULES,,,0,5
97,AMP0097,AMPOULE DE PHARE,AMPOULES,,,0,5
98,AMP0098,AMPOULE H1 12V,AMPOULES,800.0,,0,5
99,AMP0099,AMPOULE H1 24 VOLT,AMPOULES,800.0,,0,5
100,AMP0100,AMPOULE H3 12 VOLT,AMPOULES,,,0,5
101,AMP0101,AMPOULE H3 24 VOLT,AMPOULES,800.0,,0,5
102,AMP0102,AMPOULE H3 24V,AMPOULES,,,0,5
103,AMP0103,AMPOULE H4 12 VOLT,AMPOULES,900.0,,0,5
104,AMP0104,AMPOULE H4 12V,AMPOULES,,,0,5
105,AMP0105,AMPOULE H4 12V ORIGINAL,AMPOULES,,,0,5
106,AMP0106,AMPOULE H4 24 VOLT,AMPOULES,1000.0,,0,5
107,AMP0107,AMPOULE H4 24V,AMPOULES,,,0,5
108,MOT0108,ANCIEN MOTEUR SANS BOITE 4A,MOTEURS,100000.0,,0,5
109,AMP0109,AMPOULE ORDINAIRE 12 VOLT,AMPOULES,,,0,5
110,AMP0110,AMPOULE ORDINAIRE 24 VOLT,AMPOULES,,,0,5
111,BRI0111,BRIDE 32 LG 45,BRIDES,,,0,5
112,BOU0112,TROMPETTE COMPLET 5 BOUCHON 4D33,BOUCHONS,,,0,5
113,AUT0113,SNOBLOCK PETIT TROUS KIA SL,AUTRES,,,0,5
114,PHA0114,FEU ARR ELICO L200,PHARES & FEUX,,,0,5
115,RES0115,RESSORT DE RAPPEL 5T ARRIERE,RESSORTS,500.0,,0,5
116,RES0116,RESSORT DE RAPPEL FUSO DEVANT,RESSORTS,500.0,,0,5
117,AUT0117,COUPELS EN TROUS IZUZU 5T,AUTRES,150.0,,0,5
118,PHA0118,ANTI BROUILLARD COUR,PHARES & FEUX,,,0,5
119,PHA0119,JEUX DE FEU ARR TOYOTA MTN 2020 ANCIEN,PHARES & FEUX,,,0,5
120,PHA0120,JEUX DE PHARE L200 2016,PHARES & FEUX,,,0,5
121,JOI0121,JOINT DE CUILASS 5L,JOINTS,,,0,5
122,PHA0122,ANTI BROULLARD,PHARES & FEUX,,,0,5
123,JOI0123,JOINT DE CUILASS 6BG1,JOINTS,,,0,5
124,PHA0124,ANTI BROULLARD CARRE,PHARES & FEUX,10000.0,,0,5
125,JOI0125,JOINT DE CUILASS 4D33,JOINTS,,,0,5
126,PHA0126,ANTI BROULLARD LONG,PHARES & FEUX,10000.0,,0,5
127,PHA0127,JEU ANTI BROULLARD,PHARES & FEUX,10000.0,,0,5
128,PHA0128,ANTI BROULLARD ROND,PHARES & FEUX,10000.0,,0,5
129,ACC0129,ANTI VOLE ALARME,ACCESSOIRES,7000.0,,0,5
130,AUT0130,SUPPORT DE BOITE KIA SL,AUTRES,,,0,5
131,APP0131,APPAREIL ASSISTE 5T BLOC ROUGE,APPAREIL ASSISTE,,,0,5
132,APP0132,APPAREIL ASSISTE 4D32,APPAREIL ASSISTE,28000.0,,0,5
133,BRI0133,BRIDES 30 LG 30,BRIDES,,,0,5
134,BRI0134,BRIDE 27 LG 25,BRIDES,2800.0,,0,5
135,AUT0135,CLE DE ROUE 3233,AUTRES,4000.0,,0,5
136,AUT0136,GROS PETER GROS CAMION,AUTRES,,,0,5
137,APP0137,APPAREIL ASSISTE 5T 6BG1,APPAREIL ASSISTE,,,0,5
138,APP0138,APPAREIL ASSISTE 6BG1,APPAREIL ASSISTE,,,0,5
139,APP0139,APPAREIL ASSISTE 6D16,APPAREIL ASSISTE,,,0,5
140,AUT0140,PETIT PETER GROS CAMION,AUTRES,,,0,5
141,APP0141,APPAREIL ASSISTE 6D17,APPAREIL ASSISTE,32000.0,,0,5
142,APP0142,APPAREIL ASSISTER L200,APPAREIL ASSISTE,,,0,5
143,BAG0143,DABAGUEHOU LAND CRUSER,BAGUES,25000.0,,0,5
144,ROU0144,ROULEMENT 30214,ROULEMENTS,3500.0,,0,5
145,APP0145,APPAREIL ASSISTE D4D MTN,APPAREIL ASSISTE,,,0,5
146,APP0146,APPAREIL ASSISTE D4D TOYOTA,APPAREIL ASSISTE,,,0,5
147,APP0147,APPAREIL ASSISTE FUSO 6D16,APPAREIL ASSISTE,,,0,5
148,RES0148,RESSORT DE GOUDIN 190,RESSORTS,6000.0,,0,5
149,APP0149,APPAREIL ASSISTE KIA RIHNO,APPAREIL ASSISTE,,,0,5
150,APP0150,APPAREIL ASSISTE KIA RINHO,APPAREIL ASSISTE,,,0,5
151,APP0151,APPAREIL ASSISTE KIA RINHO EN PION,APPAREIL ASSISTE,,,0,5
152,APP0152,APPAREIL ASSISTE KIA RINHO HO7C,APPAREIL ASSISTE,,,0,5
153,BAG0153,DABAGUEHOU AVANT 2015,BAGUES,30000.0,,0,5
154,APP0154,APPAREIL ASSISTE KIA RINHO NOUVEAU MODELE,APPAREIL ASSISTE,,,0,5
155,APP0155,APPAREIL ASSISTE L200,APPAREIL ASSISTE,5000.0,,0,5
156,PHA0156,FEU DE GABARIE LONG,PHARES & FEUX,,,0,5
157,APP0157,APPAREIL ASSISTE 6D31,APPAREIL ASSISTE,,,0,5
158,TRA0158,LARBE DE ROUE 5T 25 DENTS LG93,TRANSMISSION,30000.0,,0,5
159,APP0159,APPAREIL ASSISTE TOYOTA 4A,APPAREIL ASSISTE,24000.0,,0,5
160,JOI0160,JOINT SPIRE DE LARBE FUSO,JOINTS,,,0,5
161,FIL0161,FILTRE A AIR TOYOTA HILUX 2016,FILTRES,,,0,5
162,AUT0162,APPAREIL CLEANTANT 12 VOLT,AUTRES,1500.0,,0,5
163,AUT0163,APPAREIL CLIGNOTANT,AUTRES,,,0,5
164,AUT0164,APPAREIL DE CLEANTANT 24V,AUTRES,1500.0,,0,5
165,AUT0165,POCHETTE 4D56,AUTRES,,,0,5
166,AUT0166,APPAREIL DE GRUE 5T,AUTRES,5000.0,,0,5
167,AUT0167,APPAREIL DE L'AIR XF,AUTRES,15000.0,,0,5
168,AUT0168,POCHETTE 5L,AUTRES,,,0,5
169,FIL0169,FILTRE A HUILE FUSO,FILTRES,2800.0,,0,5
170,VEN0170,APPAREIL DE VENTILATEUR C.CLASS,VENTILATEURS,10000.0,,0,5
171,VEN0171,POLI DE VENTILATEUR FUSO 6D16,VENTILATEURS,,,0,5
172,RET0172,RETROVISEUR MTN 2011/2015 EN CLIONTANT R BRILLANT,RETROVISEURS,,,0,5
173,AUT0173,APPAREIL M.M70,AUTRES,,,0,5
174,AUT0174,CROISON 20.50,AUTRES,,,0,5
175,HUI0175,ARRET A GRAISSE DE BAFANA,HUILES & LIQUIDES,1000.0,,0,5
176,HUI0176,ARRET A HUILE DE LARBE 5T,HUILES & LIQUIDES,1500.0,,0,5
177,HUI0177,ARRET A HUILE DE LARBE FUSO,HUILES & LIQUIDES,1500.0,,0,5
178,TRA0178,LARBE DE ROUE 5T 20 DENTS LG93,TRANSMISSION,60000.0,,0,5
179,HUI0179,ARRET A HUILE DE PONT TOYOTA MTN,HUILES & LIQUIDES,2000.0,,0,5
180,HUI0180,ARRET A HUILE DE VIV RESUIN FUSO,HUILES & LIQUIDES,,,0,5
181,FIL0181,FILTRE A HUILE 2800,FILTRES,,,0,5
182,HUI0182,ARRET A HUILE NEZ DE PONT FUSO,HUILES & LIQUIDES,,,0,5
183,FIL0183,FILTRE A HUILE DAF XF,FILTRES,,,0,5
184,HUI0184,ARRETE A HUILE DE LARBRE TOYOTA MTN,HUILES & LIQUIDES,2000.0,,0,5
185,AUT0185,ECROU 3032,AUTRES,400.0,,0,5
186,HUI0186,ARRETE A HUILE DE VIVE REQUIN FUSO,HUILES & LIQUIDES,2500.0,,0,5
187,FIL0187,FILTRE A HUILE DAF 95,FILTRES,,,0,5
188,AUT0188,SISSEWORO,AUTRES,45000.0,,0,5
189,AUT0189,ARTICULATION 190,AUTRES,2000.0,,0,5
190,AUT0190,ATTACHE LONG,AUTRES,50.0,,0,5
191,BRI0191,BRIDE 30 LG 50,BRIDES,,,0,5
192,AMO0192,JEUX D'AMORTISSEUR TUCKSON,AMORTISSEURS,,,0,5
193,POS0193,JEU DE POSE PIED RIVO,POSE PIED,,,0,5
194,RES0194,AXE DE RESSORT 5T,RESSORTS,,,0,5
195,RES0195,AXE DE RESSORT FUSO,RESSORTS,,,0,5
196,BAG0196,BAGUE DE BIEL 4D30,BAGUES,3500.0,,0,5
197,PNE0197,CHAMBRE A AIR 14,PNEUS & JANTES,,,0,5
198,BAG0198,BAGUE DE BIEL 4D30T,BAGUES,3500.0,,0,5
199,EMB0199,BOXEUR D'EMBREAGE 5T,EMBRAYAGE,,,0,5
200,BAG0200,BAGUE DE BIEL 6BB1 STD TAIO,BAGUES,5000.0,,0,5
201,VEN0201,POLY DE VENTILATEUR 6D17,VENTILATEURS,,,0,5
202,BAG0202,BAGUE DE BIEL 6D16,BAGUES,4000.0,,0,5
203,BAG0203,BAGUE DE BIEL KIA RINHO,BAGUES,,,0,5
204,BAG0204,BAGUE DE BIEL KIA RINHO HO7C,BAGUES,7000.0,,0,5
205,BAG0205,BAGUE DE BIEL KIA SL,BAGUES,3000.0,,0,5
206,AUT0206,TETE DE TROMPETE CANTER,AUTRES,,,0,5
207,AUT0207,JEUX DE PISTON 6D14,AUTRES,,,0,5
208,BAG0208,BAGUE DE FUSE 224,BAGUES,,,0,5
209,BAG0209,BAGUE DE FUSE 224 5T IZUZU,BAGUES,,,0,5
210,BAG0210,BAGUE DE FUSE 224 KIA 5T,BAGUES,,,0,5
211,BAG0211,BAGUE DE FUSE 321 KIA RINHO,BAGUES,,,0,5
212,BAG0212,BAGUE DE FUSE 323 KIA RINHO,BAGUES,,,0,5
213,BAG0213,BAGUE DE FUSE 325 KIA RINHO,BAGUES,,,0,5
214,AUT0214,MAYEAU ARR FUSO NOUVEAU,AUTRES,,,0,5
215,RAD0215,RADIATEUR DID V6,RADIATEURS,,,0,5
216,BAG0216,BAGUE DE FUSE 519,BAGUES,,,0,5
217,FIL0217,FILTRE A GAZOIL DAF PETIT TROUS,FILTRES,,,0,5
218,EMB0218,PETIT PLATEAU 5T,EMBRAYAGE,,,0,5
219,BAG0219,JEUX DE BAGUE DE BIEL FUSO 16,BAGUES,,,0,5
220,BAG0220,BAGUE DE FUSE 540,BAGUES,,,0,5
221,BAG0221,BAGUE DE FUSE 540 FUSO,BAGUES,,,0,5
222,BAG0222,BAGUE DE FUSE 5T 224,BAGUES,,,0,5
223,BAG0223,BAGUE DE FUSE 602,BAGUES,,,0,5
224,BAG0224,BAGUE DE FUSE 602 KIA TITAN,BAGUES,,,0,5
225,BAG0225,BAGUE DE FUSE 605,BAGUES,,,0,5
226,BAG0226,BAGUE DE FUSE HD72,BAGUES,,,0,5
227,BAG0227,BAGUE DE FUSE KIA RIHNO,BAGUES,,,0,5
228,BAG0228,BAGUE DE FUSE KIA RINHO 321,BAGUES,,,0,5
229,BRI0229,BRIDE 19 TOYOTA HIACE LONGUEUR 20,BRIDES,900.0,,0,5
230,BAG0230,BAGUE DE FUSE VARIO,BAGUES,15000.0,,0,5
231,BAG0231,BAGUE DE RESSORT,BAGUES,1100.0,,0,5
232,MOT0232,DEMAREUR HO7C,MOTEURS,,,0,5
233,AUT0233,BOITE DE VITESSE GROS TOYOTA,AUTRES,,,0,5
234,BAG0234,BAGUE DE RESSORT FUSO,BAGUES,,,0,5
235,RES0235,LAME DE RESSORT EN DETAIL,RESSORTS,5000.0,,0,5
236,BAL0236,BALAI DE SUCULASS,BALAIS,,,0,5
237,POS0237,JEU DE POSE PIED EN FER TOYOTA HELUX 2015,POSE PIED,,,0,5
238,AUT0238,BOITE DE VITESSE PETIT TOYOTA,AUTRES,,,0,5
239,BRI0239,BRIDE 30 LG 30,BRIDES,,,0,5
240,MOT0240,DELCO,MOTEURS,220000.0,,0,5
241,BAL0241,BALAIS N°20,BALAIS,1000.0,,0,5
242,BAL0242,BALAIS N'18,BALAIS,,,0,5
243,BAL0243,BALAIS N'20,BALAIS,,,0,5
244,BAL0244,BALAIS N'22,BALAIS,,,0,5
245,RES0245,BALANCOIRS DE RESSORT CANTER CE1149,RESSORTS,,,0,5
246,AUT0246,BALANÇOIS,AUTRES,2000.0,,0,5
247,AUT0247,BALLON AVEC ASSIETTE,AUTRES,35000.0,,0,5
248,POS0248,JEUX DE POSE PIED,POSE PIED,30000.0,,0,5
249,AUT0249,BALLON XF,AUTRES,30000.0,,0,5
250,RET0250,JEUX DE RETROVISEUR KIA TITAN,RETROVISEURS,35000.0,,0,5
251,AUT0251,PETIT PETER,AUTRES,,,0,5
252,FIL0252,PETER EN FILTRE,FILTRES,,,0,5
253,AUT0253,BARRE D' ACCOUPLEMENT ECROUS 30 6D16 FUSO,AUTRES,,,0,5
254,DIR0254,BARRE D'ACCOUPLEMENT VARIO,DIRECTION,20000.0,,0,5
255,PHA0255,JEUX DE FEU ARR MTN 2016,PHARES & FEUX,50000.0,,0,5
256,DIR0256,BARRE D'ACCOUPLEMENT 5T SIMPLE,DIRECTION,5000.0,,0,5
257,POS0257,POSE PIED 2015,POSE PIED,30000.0,,0,5
258,DIR0258,BARRE D'ACCOUPLEMENT CANTER,DIRECTION,10000.0,,0,5
259,DIR0259,BARRE D'ACCOUPLEMENT COMPLET ECROU 27,DIRECTION,,,0,5
260,DIR0260,BARRE D'ACCOUPLEMENT ECROU 27 FUSO,DIRECTION,,,0,5
261,DIR0261,BARRE D'ACCOUPLEMENT ECROU 30 FUSO,DIRECTION,,,0,5
262,DIR0262,BARRE D'ACCOUPLEMENT ECROUS 27 6D14 FUSO,DIRECTION,,,0,5
263,AUT0263,VIV REQUIN 4A,AUTRES,,,0,5
264,CAB0264,CABLE DE VITESSE 75,CABLES,,,0,5
265,POS0265,POSE PIED 2016,POSE PIED,27000.0,,0,5
266,POS0266,POSE PIED RAV4,POSE PIED,30000.0,,0,5
267,DIR0267,BARRE D'ACCOUPLEMENT KIA RINHO,DIRECTION,,,0,5
268,DIR0268,BARRE D'ACCOUPLEMENT KIA RINHO FRANC AUREVOIR,DIRECTION,,,0,5
269,DIR0269,BARRE D'ACCOUPLEMENT KIA TITAN,DIRECTION,,,0,5
270,JOI0270,JOINT DE CUILASS 4A,JOINTS,,,0,5
271,FIL0271,FILTRE A AIR XF,FILTRES,30000.0,,0,5
272,BRI0272,BRIDE 27 LG 40,BRIDES,2500.0,,0,5
273,AUT0273,CLE DE ROUE 41 FABRIQUE,AUTRES,,,0,5
274,AUT0274,BARRE DE STABILISATEUR,AUTRES,5000.0,,0,5
275,AUT0275,PETER COMPLET XF,AUTRES,25000.0,,0,5
276,BAL0276,BALAI N°26,BALAIS,1000.0,,0,5
277,BAL0277,BALAI N°16,BALAIS,1000.0,,0,5
278,BOU0278,BOUCHON DE ROUE VARIO PETITE TETE 27,BOUCHONS,,,0,5
279,BRI0279,BRIDE 24 LG 25,BRIDES,1500.0,,0,5
280,BAT0280,BATTERY 120A,BATTERIES,50000.0,,0,5
281,RET0281,JEU DE RETROVISEUR KIA RIHNO,RETROVISEURS,40000.0,,0,5
282,BAT0282,BATTERY 120AMP,BATTERIES,50000.0,,0,5
283,BAL0283,BALAI N°24,BALAIS,1000.0,,0,5
284,AUT0284,MOYEAU ARR 5T,AUTRES,26000.0,,0,5
285,BOU0285,BOUCHON DE ROUE VARIO 17,BOUCHONS,,,0,5
286,AUT0286,PETER FUSO,AUTRES,,,0,5
287,CYL0287,CYLINDRE EMBREAGE EN BAS VAPEUR,CYLINDRES,,,0,5
288,BAT0288,BATTERY 100 AP,BATTERIES,42000.0,,0,5
289,BAT0289,BATTERY 75A,BATTERIES,26000.0,,0,5
290,CYL0290,CYLINDRE EMBREAGE EN CANTER 4 TROUS,CYLINDRES,,,0,5
291,BAG0291,DABAGUEHOU ARRIERE,BAGUES,,,0,5
292,BRI0292,BRIDE 22 LONGUEUR 15,BRIDES,1000.0,,0,5
293,BAL0293,BALAI N°22,BALAIS,1000.0,,0,5
294,BAT0294,BATTERY 150AMP,BATTERIES,60000.0,,0,5
295,APP0295,APPAREIL ASSISTER 6D31,APPAREIL ASSISTE,,,0,5
296,BAG0296,DABAGUEHOU AVANT,BAGUES,,,0,5
297,ACC0297,BAVETTE 4X4,ACCESSOIRES,,,0,5
298,BAL0298,BALAI N°18,BALAIS,1000.0,,0,5
299,ACC0299,KLAXON ESCARGO 12V,ACCESSOIRES,3000.0,,0,5
300,ACC0300,BAVETTE DE BMW,ACCESSOIRES,,,0,5
301,AUT0301,BUTIER DAF 2700,AUTRES,,,0,5
302,ACC0302,BAVETTE GROS,ACCESSOIRES,,,0,5
303,PHA0303,JEUX DE FEU ARR MTN 2015,PHARES & FEUX,25000.0,,0,5
304,ACC0304,BAVETTE PETIT,ACCESSOIRES,,,0,5
305,ACC0305,BAVETTE TUCKSON,ACCESSOIRES,,,0,5
306,ACC0306,BAVETTE TUCSON,ACCESSOIRES,4000.0,,0,5
307,CYL0307,CYLINDRE EMBREAGE EN HAUT VAPEUR,CYLINDRES,,,0,5
308,PHA0308,JEUX DE FEU ARR MTN 2011,PHARES & FEUX,25000.0,,0,5
309,HUI0309,BIDON DE 5L HUILE TOTAL,HUILES & LIQUIDES,,,0,5
310,HUI0310,BIDON D'EAU AD BLEU 20 LITRE,HUILES & LIQUIDES,,,0,5
311,RAD0311,BIDON D'EAU DE RADIATEUR 2L,RADIATEURS,1000.0,,0,5
312,RAD0312,BIDON D'EAU DE RADIATEUR 4L,RADIATEURS,2000.0,,0,5
313,MOT0313,DYNAMO KIA,MOTEURS,70000.0,,0,5
314,RAD0314,BIDON D'EAU DE RADIATEUR 2 LITRES,RADIATEURS,,,0,5
315,RAD0315,BIDON D'EAU DE RADIATEUR VERT 4L,RADIATEURS,2000.0,,0,5
316,CRI0316,CRIQUE 20T,CRIQUES,15000.0,,0,5
317,CRI0317,CRIQUE 32T,CRIQUES,23000.0,,0,5
318,RAD0318,BIDON D'EAU DE RADIATEUR 4 LITRES,RADIATEURS,,,0,5
319,RAD0319,BIDON D'EAU DE RADIATEUR 4L BLEU,RADIATEURS,2000.0,,0,5
320,CRI0320,CRIQUE 50T,CRIQUES,25000.0,,0,5
321,HUI0321,BIDON D'HUILE DE DIRECTION,HUILES & LIQUIDES,,,0,5
322,CRI0322,CRIQUE 10T,CRIQUES,9000.0,,0,5
323,CRI0323,CRIQUE 5T,CRIQUES,7000.0,,0,5
324,HUI0324,BIDON D'HUILE DE PONT 20L,HUILES & LIQUIDES,,,0,5
325,CRI0325,CRIQUE 3T,CRIQUES,4500.0,,0,5
326,HUI0326,BIDON D'HUILE TOTAL 1L,HUILES & LIQUIDES,,,0,5
327,HUI0327,BIDON D'HUILE TOTAL 20L,HUILES & LIQUIDES,,,0,5
328,ACC0328,CYNTURES,ACCESSOIRES,5000.0,,0,5
329,HUI0329,BIDON D'HUILE XTREME 1L,HUILES & LIQUIDES,,,0,5
330,HUI0330,BIDON D'HUILE XTREME 5L,HUILES & LIQUIDES,,,0,5
331,BIE0331,JEU BIELLETTE ARRIERE PEUGEOT,BIELLETTES,8000.0,,0,5
332,BIE0332,BIELLETTE DE CLEMAER MTN 2011,BIELLETTES,,,0,5
333,BIE0333,JEU BIELLETTE DE MITSUBISHI L200,BIELLETTES,7000.0,,0,5
334,BIE0334,JEU BIELLETTE DID,BIELLETTES,12000.0,,0,5
335,BIE0335,JEU BIELLETTE FUSO,BIELLETTES,10000.0,,0,5
336,BIE0336,BIELLETTE L200 COTE PNEU,BIELLETTES,,,0,5
337,BIE0337,BIELLETTE L200 COTE PONT,BIELLETTES,,,0,5
338,BIE0338,BIELLETTE MASSA,BIELLETTES,,,0,5
339,BIE0339,JEU BIELLETTE PEUGEOT AVANT,BIELLETTES,7000.0,,0,5
340,BIE0340,BIELLETTE TICKSON ARRIERE,BIELLETTES,7000.0,,0,5
341,BIE0341,BIELLETTE TICKSON AVANT,BIELLETTES,7000.0,,0,5
342,BIE0342,JEU DE BIELLETTE KIA RIHNO,BIELLETTES,,,0,5
343,AUT0343,CLE DE ROUE 41 NOUVEAU,AUTRES,6000.0,,0,5
344,BIE0344,BIERRETTE CENTRAL MERCEDES,BIELLETTES,8000.0,,0,5
345,BIE0345,BIERRETTE COMPLET L200,BIELLETTES,35000.0,,0,5
346,PHA0346,JEUX DE PHARE ETO'O FRANÇAIS,PHARES & FEUX,35000.0,,0,5
347,PHA0347,JEUX DE PHARE ETO'O ORDINAIRE,PHARES & FEUX,30000.0,,0,5
348,ACC0348,CAMERA DE RETULE,ACCESSOIRES,,,0,5
349,AUT0349,CLE DE ROUE PLUS,AUTRES,2500.0,,0,5
350,MOT0350,DEMAREUR VAPEUR,MOTEURS,,,0,5
351,BOU0351,BOUCHONS DE ROUE FUSO AR GAUCHE,BOUCHONS,,,0,5
352,AUT0352,BLOC KIA,AUTRES,50000.0,,0,5
353,AUT0353,BOCAL DE L'EAU KIA RINHO,AUTRES,,,0,5
354,TRA0354,MAYAU ARR FUSO,TRANSMISSION,50000.0,,0,5
355,RAD0355,BOCAL DE RADIATEUR DE L'EAU FUSO/RINHO,RADIATEURS,20000.0,,0,5
356,AUT0356,BOCAL D'EAU FUSO,AUTRES,,,0,5
357,TRA0357,MAYAU ARR VAPEUR,TRANSMISSION,50000.0,,0,5
358,ACC0358,GANT DE DIRECTION VIP,ACCESSOIRES,,,0,5
359,HUI0359,BOITE DE GRAISSE,HUILES & LIQUIDES,800.0,,0,5
360,HUI0360,BOITE DE GRAISSE 1 KG GRAND,HUILES & LIQUIDES,1400.0,,0,5
361,HUI0361,BOITE DE GRAISSE 1 KILO GRAND,HUILES & LIQUIDES,1400.0,,0,5
362,AUT0362,JEUX DE FEU CLIONTANT 8T,AUTRES,,,0,5
363,HUI0363,BOITE DE GRAISSE 1/2 KG,HUILES & LIQUIDES,800.0,,0,5
364,HUI0364,BOITE DE GRAISSE GROS,HUILES & LIQUIDES,1400.0,,0,5
365,HUI0365,BOITE DE GRAISSE PETIT,HUILES & LIQUIDES,800.0,,0,5
366,AUT0366,BOITE DE VITESSE TOYOTA A ESSENCE,AUTRES,40000.0,,0,5
367,HUI0367,BOITE D'HUILE DE DIRECTION,HUILES & LIQUIDES,1500.0,,0,5
368,PHA0368,JEUX DE PHARE MTN 2022,PHARES & FEUX,,,0,5
369,FRE0369,BOITE D'HUILE DE FREIN JAUNE,FREINS,900.0,,0,5
370,AUT0370,CLEMAILLEUR MTN 2016,AUTRES,,,0,5
371,AUT0371,COUSINER PALIER 4A 3A STD,AUTRES,4000.0,,0,5
372,AUT0372,COUSINER DE BIEL 4A STD,AUTRES,3400.0,,0,5
373,AUT0373,BOITIER CANTER 4D32 ASSISTE,AUTRES,20000.0,,0,5
374,DIR0374,BOITIER DE DIRECTION CANTER ORDINAIRE,DIRECTION,20000.0,,0,5
375,DIR0375,BOITIER DE DIRECTION KIA RINHO ASSISTE,DIRECTION,50000.0,,0,5
376,DIR0376,BOITIER DE DIRECTION KIA TRADE ASSISTE,DIRECTION,50000.0,,0,5
377,DIR0377,BOITIER DE DIRECTION KIA TRADE ORDINAIRE,DIRECTION,60000.0,,0,5
378,PHA0378,JEUX DE FEU ARR L200 2024,PHARES & FEUX,,,0,5
379,POM0379,POMPE A EAU 9 TROUS 6D16,POMPES,,,0,5
380,AUT0380,BOITIER TOYOTA DKD MTN,AUTRES,,,0,5
381,AUT0381,BOUCHE DE CHAPEMENT,AUTRES,,,0,5
382,TRA0382,SATTELLITE COMPLET 8T,TRANSMISSION,,,0,5
383,BOU0383,BOUCHON ARRIERE 4D32 GAUCHE,BOUCHONS,1000.0,,0,5
384,BOU0384,BOUCHON 3032 TAILLER LONG,BOUCHONS,1000.0,,0,5
385,BOU0385,BOUCHON ARRIERE HD72 DROITE,BOUCHONS,1300.0,,0,5
386,BOU0386,BOUCHON AVANT CANTER DROITE,BOUCHONS,1000.0,,0,5
387,BOU0387,BOUCHON AVANT CANTER GAUCHE,BOUCHONS,1000.0,,0,5
388,BOU0388,BOUCHON AVANT KIA GAUCHE,BOUCHONS,1000.0,,0,5
389,BOU0389,BOUCHON AVANT KIA RINHO GAUCHE,BOUCHONS,1000.0,,0,5
390,BOU0390,BOUCHON ARRIERE KIA GAUCHE,BOUCHONS,1000.0,,0,5
391,BOU0391,BOUCHON DAAF ARR,BOUCHONS,1300.0,,0,5
392,APP0392,APPAREIL ASSISTER 6D16,APPAREIL ASSISTE,,,0,5
393,BOU0393,BOUCHON DE PHARE,BOUCHONS,2000.0,,0,5
394,BOU0394,BOUCHON DE CLIONTANT,BOUCHONS,2000.0,,0,5
395,FIL0395,DURITE DE FILTRE A AIR 6D16,FILTRES,,,0,5
396,VEN0396,VENTILATEUR FUSO 6D16,VENTILATEURS,,,0,5
397,BOU0397,BOUCHON DE ROUE ARRIERE FUSO,BOUCHONS,,,0,5
398,BOU0398,BOUCHON DE ROUE ARRIERE KIA RINHO HO7C,BOUCHONS,,,0,5
399,BOU0399,BOUCHON DE ROUE AVANT FUSO,BOUCHONS,,,0,5
400,EMB0400,VAPEUR D'EMBREAGE KIABA,EMBRAYAGE,,,0,5
401,BOU0401,BOUCHON DE ROUE AVANT KIA RINHO GAUCHE,BOUCHONS,1200.0,,0,5
402,BOU0402,BOUCHON DE ROUE AVANT KIA RINHO DROITE,BOUCHONS,1000.0,,0,5
403,BOU0403,BOUCHON DE ROUE AVANT KIA RINHO HO7C,BOUCHONS,,,0,5
404,RET0404,RETROVISEUR FUSO,RETROVISEURS,,,0,5
405,BOU0405,BOUCHON DE ROUE DAF RENAULT,BOUCHONS,1.2,,0,5
406,BOU0406,BOUCHON DE ROUE MERCEDES,BOUCHONS,,,0,5
407,BOU0407,BOUCHON DE ROUE RENAULT ARRIERE TRACTERE,BOUCHONS,1200.0,,0,5
408,BOU0408,BOUCHON DE ROUE RENAULT AVANT TRACTERE,BOUCHONS,1000.0,,0,5
409,BOU0409,BOUCHON DE ROUE VARIO ECROU 19,BOUCHONS,,,0,5
410,JOI0410,JOINT SPIR DE VIV REQUIN FUSO,JOINTS,,,0,5
411,BOU0411,BOUCHON DE ROUE VARIO ECROU 27,BOUCHONS,,,0,5
412,BOU0412,BOUCHON DOLE 3032,BOUCHONS,,,0,5
413,BOU0413,BOUCHON HD72 AV GAUCHE,BOUCHONS,1000.0,,0,5
414,BOU0414,BOUCHON MERCEDES 3032 DOLE,BOUCHONS,1300.0,,0,5
415,BOU0415,BOUCHON TRACTEUR,BOUCHONS,1300.0,,0,5
416,BOU0416,BOUCHON VARIO 19,BOUCHONS,800.0,,0,5
417,PNE0417,JANTES 385 DAF,PNEUS & JANTES,40000.0,,0,5
418,BOU0418,BOUCHON VARIO 27,BOUCHONS,800.0,,0,5
419,PNE0419,JANTES FUSO FRANCE AUREVOIR,PNEUS & JANTES,15000.0,,0,5
420,PNE0420,JANTES FUSO 8T 10 TROUS DAF 1900,PNEUS & JANTES,30000.0,,0,5
421,BOU0421,BOUCHONS ARRIERE CANTER CHAMBRE SALON,BOUCHONS,1250.0,,0,5
422,PNE0422,JANTES MERCEDES 15,PNEUS & JANTES,10000.0,,0,5
423,BOU0423,BOUCHONS DAF COURT SANS ECROU,BOUCHONS,500.0,,0,5
424,BOU0424,BOUCHONS DE CLIGNOTANT 24V,BOUCHONS,2000.0,,0,5
425,PNE0425,JANTES 17 TOYOTA MTN,PNEUS & JANTES,20000.0,,0,5
426,AUT0426,NECESSAIRE DE BOSCAIRE,AUTRES,,,0,5
427,PNE0427,JANTES 16 MERCEDES 190,PNEUS & JANTES,10000.0,,0,5
428,PNE0428,JANTES FRANCE AUREVOIR PETIT CANTER,PNEUS & JANTES,15000.0,,0,5
429,PNE0429,JANTES PORTE CHARD,PNEUS & JANTES,35000.0,,0,5
430,BOU0430,BOUCHONS DE ROUE FUSO ARR DROITE,BOUCHONS,,,0,5
431,PNE0431,JANTES 15 AVEC PNEUX,PNEUS & JANTES,,,0,5
432,BOU0432,BOUCHONS DE ROUE TRACTEUR LONG,BOUCHONS,1250.0,,0,5
433,PHA0433,JEUX DE PHARE L200 2024,PHARES & FEUX,,,0,5
434,AUT0434,POCHETTE HO7C,AUTRES,,,0,5
435,POM0435,POMPE ALIMENTATION DAF GROS CAMION,POMPES,15000.0,,0,5
436,AUT0436,POCHETTE 4D32,AUTRES,,,0,5
437,BOU0437,BOUGIE 16 EN ESSENCE,BOUGIES,1000.0,,0,5
438,BOU0438,BOUGIE 190,BOUGIES,1000.0,,0,5
439,BOU0439,BOUGIE C CLASS,BOUGIES,,,0,5
440,BOU0440,BOUGIE L200,BOUGIES,,,0,5
441,BOU0441,BOUGIE L200 NOUVEAU,BOUGIES,1000.0,,0,5
442,BOU0442,BOUGIE TROIS TETE,BOUGIES,,,0,5
443,TRA0443,SATTELLITE COMPLET FUSO 16,TRANSMISSION,,,0,5
444,BOU0444,BOULON CENTRAL 24 COUR,BOULONS,1000.0,,0,5
445,TRA0445,SATTELLITE COMPLET 5T 20 DENTS,TRANSMISSION,,,0,5
446,TRA0446,SATTELLITE COMPLET 5T 25 DENTS,TRANSMISSION,,,0,5
447,BOU0447,BOULON CENTRAL 19 LONG,BOULONS,400.0,,0,5
448,RET0448,JEUX DE BRAS DE RETROVISEUR FUSO,RETROVISEURS,,,0,5
449,BOU0449,BOULON CENTRAL 17 LONG,BOULONS,1000.0,,0,5
450,PNE0450,JANTE 17 TOYOTA RIVO,PNEUS & JANTES,,,0,5
451,BOU0451,BOULON CENTRAL 17 COURT,BOULONS,,,0,5
452,BOU0452,BOULON CENTRAL 19 COURT,BOULONS,1000.0,,0,5
453,BOU0453,BOULON CENTRAL 19 GROS,BOULONS,400.0,,0,5
454,HUI0454,BOITE DE GRAISSE PETIT 2000 /2000,HUILES & LIQUIDES,800.0,,0,5
455,EMB0455,PLATEAU 5T GROS,EMBRAYAGE,,,0,5
456,CYL0456,CYLINDRE D'EMBREAGE EN HAUT FUSO,CYLINDRES,,,0,5
457,BOU0457,BOULON CENTRAL 22,BOULONS,1000.0,,0,5
458,BOU0458,BOULON CENTRAL 24,BOULONS,1400.0,,0,5
459,BOU0459,BOULON CENTRAL LONG 24,BOULONS,1000.0,,0,5
460,EMB0460,DISQUE EMBREAGE 6D16 EN LAME 8T,EMBRAYAGE,,,0,5
461,BOU0461,BOULON CENTRAL 27,BOULONS,1000.0,,0,5
462,BOU0462,BOULON CENTRAL 30,BOULONS,1500.0,,0,5
463,PHA0463,PHARE DE CANTER CFAO,PHARES & FEUX,,,0,5
464,PNE0464,JANTE 18 TOYOTA RIVO,PNEUS & JANTES,,,0,5
465,AUT0465,SCIER 5T 2 FUSEE,AUTRES,30000.0,,0,5
466,ROU0466,ROULEMENT 32215,ROULEMENTS,,,0,5
467,TUR0467,TURBO L200 HUILE AVEC EAU,TURBOS,,,0,5
468,BIE0468,JEUX DE BIELLETTE VAPEUR,BIELLETTES,,,0,5
469,BIE0469,JEUX DE BIELLETTE FUSO,BIELLETTES,,,0,5
470,AUT0470,CHARPPE DE BOITE FUSO,AUTRES,,,0,5
471,AUT0471,CHARPPE DE BOITE DE PONT FUSO,AUTRES,,,0,5
472,BAG0472,BAGUE DE FUSER 321 HO7C,BAGUES,,,0,5
473,EMB0473,BOXEUR D'EMBRAYAGE 5T_FUSO,EMBRAYAGE,,,0,5
474,BAG0474,BAGUE DE FUSER 540,BAGUES,,,0,5
475,AUT0475,JEUX DE CHEMISE 6D14,AUTRES,,,0,5
476,AUT0476,CHAPPE DE PONT FUSO,AUTRES,,,0,5
477,AUT0477,CHRPPE DE BOITE FUSO,AUTRES,,,0,5
478,EMB0478,BOXEUR D'EMBREAGE KIA RINHO,EMBRAYAGE,,,0,5
479,EMB0479,BOXEUR D'EMBREAGE M.M70 YFE1401,EMBRAYAGE,,,0,5
480,EMB0480,BOXEUR D'EMBREAGE XF,EMBRAYAGE,35000.0,,0,5
481,EMB0481,PLATEAU 4D35,EMBRAYAGE,,,0,5
482,EMB0482,BOXEUR M.M70,EMBRAYAGE,,,0,5
483,EMB0483,BOXEUR M.M90,EMBRAYAGE,15000.0,,0,5
484,APP0484,APPAREIL ASSISTER 6D17,APPAREIL ASSISTE,,,0,5
485,EMB0485,BOXEUR MM 70,EMBRAYAGE,,,0,5
486,EMB0486,BOXEUR MM70,EMBRAYAGE,,,0,5
487,MOT0487,DYNAMO 6D16 SANS COMPRESSEUR,MOTEURS,,,0,5
488,PHA0488,BRAS ALUMINUIM PHARE8,PHARES & FEUX,8000.0,,0,5
489,AUT0489,CROISON N° 75,AUTRES,,,0,5
490,AUT0490,JEUX DE CHEMISE HO7C,AUTRES,,,0,5
491,AUT0491,BRAS COMPLET C.CLASS,AUTRES,9000.0,,0,5
492,EMB0492,DISQUE EMBREAGE 6D34,EMBRAYAGE,,,0,5
493,EMB0493,BOSCAIRE D'EMBREAGE FUSO,EMBRAYAGE,,,0,5
494,POM0494,POMPE A EAU 7 TROUS 6D16,POMPES,,,0,5
495,MOT0495,DYNAMO 6D16 EN COMPRESSEUR FUSO,MOTEURS,,,0,5
496,AUT0496,BRAS DE LEVIER KIA,AUTRES,6000.0,,0,5
497,ROU0497,ROULEMENT CENTRAL CANTER 4D35,ROULEMENTS,,,0,5
498,EMB0498,DISQUE EMBREAGE 6D16,EMBRAYAGE,,,0,5
499,AUT0499,BRAS ARR DE MERCEDES 190,AUTRES,2000.0,,0,5
500,AUT0500,JEUX DE PISTON 6D17,AUTRES,,,0,5
501,AUT0501,JEUX DE SOUPAPE 6D17,AUTRES,,,0,5
502,RET0502,BRAS DE RETROVISEUR CANTER,RETROVISEURS,4000.0,,0,5
503,RET0503,BRAS DE RETROVISEUR CANTER COTE DROIT,RETROVISEURS,,,0,5
504,RET0504,BRAS DE RETROVISEUR CANTER COTE GAUCHE,RETROVISEURS,,,0,5
505,MOT0505,DEMAREUR 5T 6BG1,MOTEURS,,,0,5
506,AUT0506,BUTIER 60,AUTRES,,,0,5
507,POM0507,POMPE A HUILE FUSO 6D17,POMPES,,,0,5
508,BIE0508,JEUX DE BIELLETTE 6D22,BIELLETTES,,,0,5
509,JOI0509,JOINT SPIRE DE MAYAU DAF CF,JOINTS,5000.0,,0,5
510,AUT0510,RACCORD D'ASSISTER FUSO,AUTRES,,,0,5
511,ROU0511,FER DE ROULEMENT CENTRAL FUSO 6D22,ROULEMENTS,,,0,5
512,ROU0512,FER DE ROULEMENT CENTRAL 5T,ROULEMENTS,,,0,5
513,MOT0513,DEMAREUR 6D31,MOTEURS,,,0,5
514,MOT0514,DEMAREUR 6D17,MOTEURS,,,0,5
515,TRA0515,CARDANT COMPLET COTER PONT 8T,TRANSMISSION,,,0,5
516,AUT0516,BRAS LONG CANTER,AUTRES,5000.0,,0,5
517,ROU0517,CARDANT COMPLET COTER ROULEMENT CENTRAL 8T,ROULEMENTS,,,0,5
518,TUR0518,TURBO 1KD PRADO,TURBOS,,,0,5
519,AUT0519,BRAS LONG FUSO,AUTRES,20000.0,,0,5
520,TUR0520,TURBO L200 HUILE SEULEMENT,TURBOS,,,0,5
521,RAD0521,RADIATEUR 4D32,RADIATEURS,,,0,5
522,RAD0522,RADIATEUR 6D16,RADIATEURS,,,0,5
523,RAD0523,RADIATEUR 6D17 EN CAOUCHOUC LONG,RADIATEURS,,,0,5
524,AUT0524,BRAS DE MERCEDES 200,AUTRES,3000.0,,0,5
525,RAD0525,RADIATEUR 4D34,RADIATEURS,,,0,5
526,BRI0526,BRIDE 27 LG 50,BRIDES,3900.0,,0,5
527,RAD0527,RADIATEUR KIA SL,RADIATEURS,,,0,5
528,TRA0528,LARBE DE ROUE CANTER LG 81,TRANSMISSION,,,0,5
529,ROU0529,ROULEMENT 32213,ROULEMENTS,,,0,5
530,AUT0530,ANTI BRILLANT MOYEN,AUTRES,,,0,5
531,AUT0531,ANTI BRILLANT GROS,AUTRES,,,0,5
532,AUT0532,ANTI BRILLANT PETIT,AUTRES,,,0,5
533,BRI0533,BRIDE 24 LONGUEUR 17,BRIDES,1200.0,,0,5
534,BRI0534,BRIDE 24 FUSO LONG 25,BRIDES,1600.0,,0,5
535,BRI0535,BRIDE 24 LONG 20,BRIDES,1200.0,,0,5
536,BRI0536,BRIDE 24 LONG 25,BRIDES,1500.0,,0,5
537,AUT0537,VIV REQUIN 6D16,AUTRES,,,0,5
538,BRI0538,BRIDE 24 LONG 28,BRIDES,1200.0,,0,5
539,FIL0539,FILTRE A GAZOIL FUSO 1445,FILTRES,,,0,5
540,BRI0540,BRIDE 24 LONGUEUR 20,BRIDES,1200.0,,0,5
541,AUT0541,SEGMENT 6D16 TP STD,AUTRES,,,0,5
542,AUT0542,SEGMENT HO7C TP STD,AUTRES,,,0,5
543,BRI0543,BRIDE 27 LG 45,BRIDES,2800.0,,0,5
544,AUT0544,"COUSINET DE BIEL 6D16 0,50",AUTRES,9000.0,,0,5
545,AUT0545,"COUSINET DE PALIER HO7C 0,25",AUTRES,,,0,5
546,BRI0546,BRIDE 27 LONG 25,BRIDES,2500.0,,0,5
547,BRI0547,BRIDE 27 LONG 40,BRIDES,2500.0,,0,5
548,BRI0548,BRIDE 27 LONG 45,BRIDES,3900.0,,0,5
549,AUT0549,"COUSINET DE BIEL HO7C 0,50",AUTRES,,,0,5
550,AUT0550,COUSINET DE BIEL KIA SL STD,AUTRES,,,0,5
551,AUT0551,COUSINET DE PALIER KIA SL STD,AUTRES,,,0,5
552,BRI0552,BRIDE 27 LONGUEUR 35,BRIDES,2500.0,,0,5
553,BRI0553,BRIDE 27 LONGUEUR 40,BRIDES,2500.0,,0,5
554,BRI0554,BRIDE 30 LONG 45,BRIDES,,,0,5
555,BRI0555,BRIDE 27 LONGUEUR 50,BRIDES,2800.0,,0,5
556,BRI0556,BRIDE 30 LONG LONGUEUR 45,BRIDES,3700.0,,0,5
